<?xml version="1.0" encoding="UTF-8"?>
<GenRun Id="impl_1" LaunchPart="xc7a35tcpg236-1" LaunchTime="1764640152">
  <File Type="ROUTE-PWR" Name="blackjack_power_routed.rpt"/>
  <File Type="PA-TCL" Name="blackjack.tcl"/>
  <File Type="BITSTR-BMM" Name="blackjack_bd.bmm"/>
  <File Type="ROUTE-PWR-SUM" Name="blackjack_power_summary_routed.pb"/>
  <File Type="REPORTS-TCL" Name="blackjack_reports.tcl"/>
  <File Type="OPT-DCP" Name="blackjack_opt.dcp"/>
  <File Type="OPT-DRC" Name="blackjack_drc_opted.rpt"/>
  <File Type="OPT-HWDEF" Name="blackjack.hwdef"/>
  <File Type="PWROPT-DCP" Name="blackjack_pwropt.dcp"/>
  <File Type="PLACE-DCP" Name="blackjack_placed.dcp"/>
  <File Type="PLACE-IO" Name="blackjack_io_placed.rpt"/>
  <File Type="PLACE-UTIL" Name="blackjack_utilization_placed.rpt"/>
  <File Type="PLACE-UTIL-PB" Name="blackjack_utilization_placed.pb"/>
  <File Type="PLACE-CTRL" Name="blackjack_control_sets_placed.rpt"/>
  <File Type="PLACE-PRE-SIMILARITY" Name="blackjack_incremental_reuse_pre_placed.rpt"/>
  <File Type="BG-BGN" Name="blackjack.bgn"/>
  <File Type="POSTPLACE-PWROPT-DCP" Name="blackjack_postplace_pwropt.dcp"/>
  <File Type="BG-BIN" Name="blackjack.bin"/>
  <File Type="PHYSOPT-DCP" Name="blackjack_physopt.dcp"/>
  <File Type="BITSTR-MSK" Name="blackjack.msk"/>
  <File Type="ROUTE-ERROR-DCP" Name="blackjack_routed_error.dcp"/>
  <File Type="ROUTE-DCP" Name="blackjack_routed.dcp"/>
  <File Type="ROUTE-BLACKBOX-DCP" Name="blackjack_routed_bb.dcp"/>
  <File Type="ROUTE-DRC" Name="blackjack_drc_routed.rpt"/>
  <File Type="ROUTE-DRC-PB" Name="blackjack_drc_routed.pb"/>
  <File Type="ROUTE-DRC-RPX" Name="blackjack_drc_routed.rpx"/>
  <File Type="BITSTR-LTX" Name="blackjack.ltx"/>
  <File Type="ROUTE-METHODOLOGY-DRC" Name="blackjack_methodology_drc_routed.rpt"/>
  <File Type="BITSTR-MMI" Name="blackjack.mmi"/>
  <File Type="ROUTE-METHODOLOGY-DRC-RPX" Name="blackjack_methodology_drc_routed.rpx"/>
  <File Type="ROUTE-METHODOLOGY-DRC-PB" Name="blackjack_methodology_drc_routed.pb"/>
  <File Type="BITSTR-SYSDEF" Name="blackjack.sysdef"/>
  <File Type="ROUTE-PWR-RPX" Name="blackjack_power_routed.rpx"/>
  <File Type="ROUTE-STATUS" Name="blackjack_route_status.rpt"/>
  <File Type="ROUTE-STATUS-PB" Name="blackjack_route_status.pb"/>
  <File Type="ROUTE-TIMINGSUMMARY" Name="blackjack_timing_summary_routed.rpt"/>
  <File Type="ROUTE-TIMING-PB" Name="blackjack_timing_summary_routed.pb"/>
  <File Type="ROUTE-TIMING-RPX" Name="blackjack_timing_summary_routed.rpx"/>
  <File Type="ROUTE-CLK" Name="blackjack_clock_utilization_routed.rpt"/>
  <File Type="ROUTE-BUS-SKEW" Name="blackjack_bus_skew_routed.rpt"/>
  <File Type="ROUTE-BUS-SKEW-PB" Name="blackjack_bus_skew_routed.pb"/>
  <File Type="ROUTE-BUS-SKEW-RPX" Name="blackjack_bus_skew_routed.rpx"/>
  <File Type="POSTROUTE-PHYSOPT-DCP" Name="blackjack_postroute_physopt.dcp"/>
  <File Type="POSTROUTE-PHYSOPT-BLACKBOX-DCP" Name="blackjack_postroute_physopt_bb.dcp"/>
  <File Type="BG-BIT" Name="blackjack.bit"/>
  <File Type="BITSTR-RBT" Name="blackjack.rbt"/>
  <File Type="BITSTR-NKY" Name="blackjack.nky"/>
  <File Type="BG-DRC" Name="blackjack.drc"/>
  <File Type="RDI-RDI" Name="blackjack.vdi"/>
  <File Type="WBT-USG" Name="usage_statistics_webtalk.html"/>
  <FileSet Name="sources" Type="DesignSrcs" RelSrcDir="$PSRCDIR/sources_1">
    <Filter Type="Srcs"/>
    <File Path="$PSRCDIR/sources_1/imports/Pr5Material/5bits_2_BCD.vhd">
      <FileInfo>
        <Attr Name="ImportPath" Val="$PPRDIR/../../../PracticasTOC/Pr5Material/5bits_2_BCD.vhd"/>
        <Attr Name="ImportTime" Val="1764618969"/>
        <Attr Name="UsedIn" Val="synthesis"/>
        <Attr Name="UsedIn" Val="simulation"/>
      </FileInfo>
    </File>
    <File Path="$PSRCDIR/sources_1/imports/Pr5Material/definitions.vhd">
      <FileInfo>
        <Attr Name="ImportPath" Val="$PPRDIR/../../../PracticasTOC/Pr5Material/definitions.vhd"/>
        <Attr Name="ImportTime" Val="1760087467"/>
        <Attr Name="UsedIn" Val="synthesis"/>
        <Attr Name="UsedIn" Val="simulation"/>
      </FileInfo>
    </File>
    <File Path="$PSRCDIR/sources_1/imports/Pr5Material/controller.vhd">
      <FileInfo>
        <Attr Name="ImportPath" Val="$PPRDIR/../../../PracticasTOC/Pr5Material/controller.vhd"/>
        <Attr Name="ImportTime" Val="1760099216"/>
        <Attr Name="UsedIn" Val="synthesis"/>
        <Attr Name="UsedIn" Val="simulation"/>
      </FileInfo>
    </File>
    <File Path="$PSRCDIR/sources_1/imports/Pr5Material/datapath.vhd">
      <FileInfo>
        <Attr Name="ImportPath" Val="$PPRDIR/../../../PracticasTOC/Pr5Material/datapath.vhd"/>
        <Attr Name="ImportTime" Val="1760102442"/>
        <Attr Name="UsedIn" Val="synthesis"/>
        <Attr Name="UsedIn" Val="simulation"/>
      </FileInfo>
    </File>
    <File Path="$PSRCDIR/sources_1/imports/Pr5Material/divider.vhd">
      <FileInfo>
        <Attr Name="ImportPath" Val="$PPRDIR/../../../PracticasTOC/Pr5Material/divider.vhd"/>
        <Attr Name="ImportTime" Val="1568757374"/>
        <Attr Name="UsedIn" Val="synthesis"/>
        <Attr Name="UsedIn" Val="simulation"/>
      </FileInfo>
    </File>
    <File Path="$PSRCDIR/sources_1/imports/Pr5Material/ram_memory.vhd">
      <FileInfo>
        <Attr Name="ImportPath" Val="$PPRDIR/../../../PracticasTOC/Pr5Material/ram_memory.vhd"/>
        <Attr Name="ImportTime" Val="1480517562"/>
        <Attr Name="UsedIn" Val="synthesis"/>
        <Attr Name="UsedIn" Val="simulation"/>
      </FileInfo>
    </File>
    <File Path="$PSRCDIR/sources_1/imports/Pr5Material/blackjack.vhd">
      <FileInfo>
        <Attr Name="ImportPath" Val="$PPRDIR/../../../PracticasTOC/Pr5Material/blackjack.vhd"/>
        <Attr Name="ImportTime" Val="1760101647"/>
        <Attr Name="UsedIn" Val="synthesis"/>
        <Attr Name="UsedIn" Val="simulation"/>
      </FileInfo>
    </File>
    <File Path="$PSRCDIR/sources_1/imports/Pr5Material/counter_0_51.vhd">
      <FileInfo>
        <Attr Name="AutoDisabled" Val="1"/>
        <Attr Name="ImportPath" Val="$PPRDIR/../../../PracticasTOC/Pr5Material/counter_0_51.vhd"/>
        <Attr Name="ImportTime" Val="1760101379"/>
        <Attr Name="UsedIn" Val="synthesis"/>
        <Attr Name="UsedIn" Val="simulation"/>
      </FileInfo>
    </File>
    <File Path="$PSRCDIR/sources_1/imports/Pr5Material/parallel_reg.vhd">
      <FileInfo>
        <Attr Name="AutoDisabled" Val="1"/>
        <Attr Name="ImportPath" Val="$PPRDIR/../../../PracticasTOC/Pr5Material/parallel_reg.vhd"/>
        <Attr Name="ImportTime" Val="1567772788"/>
        <Attr Name="UsedIn" Val="synthesis"/>
        <Attr Name="UsedIn" Val="simulation"/>
      </FileInfo>
    </File>
    <Config>
      <Option Name="DesignMode" Val="RTL"/>
      <Option Name="TopModule" Val="blackjack"/>
      <Option Name="TopAutoSet" Val="TRUE"/>
    </Config>
  </FileSet>
  <FileSet Name="constrs_in" Type="Constrs" RelSrcDir="$PSRCDIR/constrs_1">
    <Filter Type="Constrs"/>
    <Config>
      <Option Name="ConstrsType" Val="XDC"/>
    </Config>
  </FileSet>
  <FileSet Name="utils" Type="Utils" RelSrcDir="$PSRCDIR/utils_1">
    <Filter Type="Utils"/>
    <Config>
      <Option Name="TopAutoSet" Val="TRUE"/>
    </Config>
  </FileSet>
  <Strategy Version="1" Minor="2">
    <StratHandle Name="Vivado Implementation Defaults" Flow="Vivado Implementation 2019"/>
    <Step Id="init_design"/>
    <Step Id="opt_design"/>
    <Step Id="power_opt_design"/>
    <Step Id="place_design"/>
    <Step Id="post_place_power_opt_design"/>
    <Step Id="phys_opt_design"/>
    <Step Id="route_design"/>
    <Step Id="post_route_phys_opt_design"/>
    <Step Id="write_bitstream"/>
  </Strategy>
</GenRun>
