<?xml version="1.0" encoding="UTF-8"?>
<GenRun Id="synth_1" LaunchPart="xc7a35tcpg236-1" LaunchTime="1764640107">
  <File Type="PA-TCL" Name="blackjack.tcl"/>
  <File Type="REPORTS-TCL" Name="blackjack_reports.tcl"/>
  <File Type="RDS-RDS" Name="blackjack.vds"/>
  <File Type="RDS-UTIL" Name="blackjack_utilization_synth.rpt"/>
  <File Type="RDS-UTIL-PB" Name="blackjack_utilization_synth.pb"/>
  <File Type="RDS-DCP" Name="blackjack.dcp"/>
  <FileSet Name="sources" Type="DesignSrcs" RelSrcDir="$PSRCDIR/sources_1">
    <Filter Type="Srcs"/>
    <File Path="$PSRCDIR/sources_1/imports/Pr5Material/5bits_2_BCD.vhd">
      <FileInfo>
        <Attr Name="ImportPath" Val="$PPRDIR/../../../PracticasTOC/Pr5Material/5bits_2_BCD.vhd"/>
        <Attr Name="ImportTime" Val="1764618969"/>
        <Attr Name="UsedIn" Val="synthesis"/>
        <Attr Name="UsedIn" Val="simulation"/>
      </FileInfo>
    </File>
    <File Path="$PSRCDIR/sources_1/imports/Pr5Material/definitions.vhd">
      <FileInfo>
        <Attr Name="ImportPath" Val="$PPRDIR/../../../PracticasTOC/Pr5Material/definitions.vhd"/>
        <Attr Name="ImportTime" Val="1760087467"/>
        <Attr Name="UsedIn" Val="synthesis"/>
        <Attr Name="UsedIn" Val="simulation"/>
      </FileInfo>
    </File>
    <File Path="$PSRCDIR/sources_1/imports/Pr5Material/controller.vhd">
      <FileInfo>
        <Attr Name="ImportPath" Val="$PPRDIR/../../../PracticasTOC/Pr5Material/controller.vhd"/>
        <Attr Name="ImportTime" Val="1760099216"/>
        <Attr Name="UsedIn" Val="synthesis"/>
        <Attr Name="UsedIn" Val="simulation"/>
      </FileInfo>
    </File>
    <File Path="$PSRCDIR/sources_1/imports/Pr5Material/datapath.vhd">
      <FileInfo>
        <Attr Name="ImportPath" Val="$PPRDIR/../../../PracticasTOC/Pr5Material/datapath.vhd"/>
        <Attr Name="ImportTime" Val="1760102442"/>
        <Attr Name="UsedIn" Val="synthesis"/>
        <Attr Name="UsedIn" Val="simulation"/>
      </FileInfo>
    </File>
    <File Path="$PSRCDIR/sources_1/imports/Pr5Material/divider.vhd">
      <FileInfo>
        <Attr Name="ImportPath" Val="$PPRDIR/../../../PracticasTOC/Pr5Material/divider.vhd"/>
        <Attr Name="ImportTime" Val="1568757374"/>
        <Attr Name="UsedIn" Val="synthesis"/>
        <Attr Name="UsedIn" Val="simulation"/>
      </FileInfo>
    </File>
    <File Path="$PSRCDIR/sources_1/imports/Pr5Material/ram_memory.vhd">
      <FileInfo>
        <Attr Name="ImportPath" Val="$PPRDIR/../../../PracticasTOC/Pr5Material/ram_memory.vhd"/>
        <Attr Name="ImportTime" Val="1480517562"/>
        <Attr Name="UsedIn" Val="synthesis"/>
        <Attr Name="UsedIn" Val="simulation"/>
      </FileInfo>
    </File>
    <File Path="$PSRCDIR/sources_1/imports/Pr5Material/blackjack.vhd">
      <FileInfo>
        <Attr Name="ImportPath" Val="$PPRDIR/../../../PracticasTOC/Pr5Material/blackjack.vhd"/>
        <Attr Name="ImportTime" Val="1760101647"/>
        <Attr Name="UsedIn" Val="synthesis"/>
        <Attr Name="UsedIn" Val="simulation"/>
      </FileInfo>
    </File>
    <File Path="$PSRCDIR/sources_1/imports/Pr5Material/counter_0_51.vhd">
      <FileInfo>
        <Attr Name="AutoDisabled" Val="1"/>
        <Attr Name="ImportPath" Val="$PPRDIR/../../../PracticasTOC/Pr5Material/counter_0_51.vhd"/>
        <Attr Name="ImportTime" Val="1760101379"/>
        <Attr Name="UsedIn" Val="synthesis"/>
        <Attr Name="UsedIn" Val="simulation"/>
      </FileInfo>
    </File>
    <File Path="$PSRCDIR/sources_1/imports/Pr5Material/parallel_reg.vhd">
      <FileInfo>
        <Attr Name="AutoDisabled" Val="1"/>
        <Attr Name="ImportPath" Val="$PPRDIR/../../../PracticasTOC/Pr5Material/parallel_reg.vhd"/>
        <Attr Name="ImportTime" Val="1567772788"/>
        <Attr Name="UsedIn" Val="synthesis"/>
        <Attr Name="UsedIn" Val="simulation"/>
      </FileInfo>
    </File>
    <Config>
      <Option Name="DesignMode" Val="RTL"/>
      <Option Name="TopModule" Val="blackjack"/>
      <Option Name="TopAutoSet" Val="TRUE"/>
    </Config>
  </FileSet>
  <FileSet Name="constrs_in" Type="Constrs" RelSrcDir="$PSRCDIR/constrs_1">
    <Filter Type="Constrs"/>
    <Config>
      <Option Name="ConstrsType" Val="XDC"/>
    </Config>
  </FileSet>
  <FileSet Name="utils" Type="Utils" RelSrcDir="$PSRCDIR/utils_1">
    <Filter Type="Utils"/>
    <Config>
      <Option Name="TopAutoSet" Val="TRUE"/>
    </Config>
  </FileSet>
  <Strategy Version="1" Minor="2">
    <StratHandle Name="Vivado Synthesis Defaults" Flow="Vivado Synthesis 2019"/>
    <Step Id="synth_design"/>
  </Strategy>
</GenRun>
